id,shop_id,shop_name,listing_count,e_time
1,21148095,KONTOLPANEL,29,1568398301.3499124
2,21147631,WCUMUMInvitation,28,1568398301.3499174
3,21147421,MettaCard,76,1568398301.349921
4,21147377,LogosUSA,43,1568398301.3499238
5,21147303,CLARABELLAShop,26,1568398301.3499265
6,21146975,7SVG7,43,1568398301.3499293
7,21145879,mmecartier,59,1568398301.3499317
8,21144935,EnchantingRose,49,1568398301.3499343
9,21144837,ABNProductions,57,1568398301.349937
10,21143219,Scentsibly,50,1568398301.3499398
