id,shop_id,shop_name,listing_count,e_time
1,21148095,KONTOLPANEL,28,1568394931.2049484
2,21147631,WCUMUMInvitation,28,1568394931.2049534
3,21147421,MettaCard,76,1568394931.2049565
4,21147377,LogosUSA,43,1568394931.2049592
5,21147303,CLARABELLAShop,26,1568394931.2049618
6,21146975,7SVG7,43,1568394931.2049644
7,21145879,mmecartier,59,1568394931.204967
8,21144935,EnchantingRose,49,1568394931.2049692
9,21144837,ABNProductions,57,1568394931.2049718
10,21143219,Scentsibly,50,1568394931.2049744
