id,shop_id,shop_name,listing_count,e_time
1,21159771,Roseobelle,32,1568562131.0190492
2,21158587,GregorySvg,28,1568562131.0190532
3,21155263,CathlenBalonArtSVG,28,1568562131.0190558
4,21155083,DELLAJewelryDesigns,34,1568562131.0190582
5,21155035,LittleGoblinGarments,27,1568562131.0190609
6,21154863,HeArtsandDesign,30,1568562131.0190632
7,21153881,BUNGKUSROKOK,27,1568562131.0190654
8,21152823,TOEBROOTWORLD,29,1568562131.0190678
9,21152773,ArtesianHandcraft,58,1568562131.0190697
10,21152547,INDIANBLOUSESStudio,29,1568562131.019072
