id,shop_id,shop_name,listing_count,e_time
1,21143715,INVIONPRINTABLE,46,1568348214.6886375
2,21143219,Scentsibly,50,1568348214.6886528
3,21142965,WoodenLifeStore,37,1568348214.6886625
4,21142331,AUPAPCORD,34,1568348214.6886714
5,21141491,NolaCaseUnitedStates,52,1568348214.68868
6,21140651,BowutifulBowsDesign,28,1568348214.6886888
7,21139507,FREESIAInvitation,81,1568348214.6886976
8,21139433,MartiWeddings,30,1568348214.6887064
9,21139327,SimplyAwfulGifts,32,1568348214.688715
10,21139109,HermesPatches,58,1568348214.6887236
