id,shop_id,shop_name,listing_count,e_time
1,21143715,INVIONPRINTABLE,46,1568348565.6818588
2,21143219,Scentsibly,50,1568348565.6818717
3,21142965,WoodenLifeStore,37,1568348565.681879
4,21142331,AUPAPCORD,34,1568348565.6818862
5,21141491,NolaCaseUnitedStates,52,1568348565.681893
6,21140651,BowutifulBowsDesign,28,1568348565.6819
7,21139507,FREESIAInvitation,81,1568348565.681907
8,21139433,MartiWeddings,30,1568348565.6819139
9,21139327,SimplyAwfulGifts,32,1568348565.6819208
10,21139109,HermesPatches,58,1568348565.6819277
