id,shop_id,shop_name,listing_count,e_time
1,21148095,KONTOLPANEL,29,1568398376.0138757
2,21147631,WCUMUMInvitation,28,1568398376.0138843
3,21147421,MettaCard,76,1568398376.01389
4,21147377,LogosUSA,43,1568398376.0138946
5,21147303,CLARABELLAShop,26,1568398376.0138996
6,21146975,7SVG7,43,1568398376.013904
7,21145879,mmecartier,59,1568398376.0139084
8,21144935,EnchantingRose,49,1568398376.0139134
9,21144837,ABNProductions,57,1568398376.0139177
10,21143219,Scentsibly,50,1568398376.013922
