id,shop_id,shop_name,listing_count,e_time
1,21143715,INVIONPRINTABLE,46,1568340367.0138493
2,21143219,Scentsibly,50,1568340367.0138624
3,21142965,WoodenLifeStore,37,1568340367.013871
4,21142331,AUPAPCORD,34,1568340367.0138788
5,21141491,NolaCaseUnitedStates,52,1568340367.013886
6,21140651,BowutifulBowsDesign,28,1568340367.0138934
7,21139507,FREESIAInvitation,81,1568340367.0139005
8,21139433,MartiWeddings,30,1568340367.0139072
9,21139327,SimplyAwfulGifts,32,1568340367.0139143
10,21139109,HermesPatches,58,1568340367.0139213
