id,shop_id,shop_name,listing_count,e_time
1,21143715,INVIONPRINTABLE,46,1568346399.7984114
2,21143219,Scentsibly,50,1568346399.7984188
3,21142965,WoodenLifeStore,37,1568346399.798423
4,21142331,AUPAPCORD,34,1568346399.7984269
5,21141491,NolaCaseUnitedStates,52,1568346399.798431
6,21140651,BowutifulBowsDesign,28,1568346399.7984347
7,21139507,FREESIAInvitation,81,1568346399.798439
8,21139433,MartiWeddings,30,1568346399.7984428
9,21139327,SimplyAwfulGifts,32,1568346399.7984467
10,21139109,HermesPatches,58,1568346399.7984507
