id,shop_id,shop_name,listing_count,e_time
1,21143715,INVIONPRINTABLE,46,1568342262.5247166
2,21143219,Scentsibly,50,1568342262.5247288
3,21142965,WoodenLifeStore,37,1568342262.524737
4,21142331,AUPAPCORD,34,1568342262.5247438
5,21141491,NolaCaseUnitedStates,52,1568342262.5247502
6,21140651,BowutifulBowsDesign,28,1568342262.524757
7,21139507,FREESIAInvitation,81,1568342262.5247633
8,21139433,MartiWeddings,30,1568342262.5247698
9,21139327,SimplyAwfulGifts,32,1568342262.5247765
10,21139109,HermesPatches,58,1568342262.524783
