id,shop_id,shop_name,listing_count,e_time
1,21139507,FREESIAInvitation,81,1568316901.6016197
2,21139327,SimplyAwfulGifts,32,1568316901.6016371
3,21139109,HermesPatches,48,1568316901.6016464
4,21138983,FalabellaJewellery,143,1568316901.6016543
5,21138925,LOWOGEDI,39,1568316901.6016634
6,21138873,SidoMunculDesign,36,1568316901.60167
7,21138615,DowelArtDesign,37,1568316901.601678
8,21138341,ENERGYchoco,38,1568316901.6016858
9,21137261,mobilecrafty,49,1568316901.601693
10,21136971,SamanthawalshShop,39,1568316901.6016998
