id,shop_id,shop_name,listing_count,e_time
1,21143715,INVIONPRINTABLE,46,1568342091.9861677
2,21143219,Scentsibly,50,1568342091.9861813
3,21142965,WoodenLifeStore,37,1568342091.9861908
4,21142331,AUPAPCORD,34,1568342091.9861999
5,21141491,NolaCaseUnitedStates,52,1568342091.986208
6,21140651,BowutifulBowsDesign,28,1568342091.9862173
7,21139507,FREESIAInvitation,81,1568342091.986226
8,21139433,MartiWeddings,30,1568342091.9862347
9,21139327,SimplyAwfulGifts,32,1568342091.986243
10,21139109,HermesPatches,58,1568342091.9862514
