id,shop_id,shop_name,listing_count,e_time
1,21139507,FREESIAInvitation,81,1568318304.2343621
2,21139327,SimplyAwfulGifts,32,1568318304.234372
3,21139109,HermesPatches,51,1568318304.2343786
4,21138983,FalabellaJewellery,143,1568318304.2343843
5,21138925,LOWOGEDI,39,1568318304.2343903
6,21138873,SidoMunculDesign,38,1568318304.2343965
7,21138615,DowelArtDesign,37,1568318304.2344015
8,21138341,ENERGYchoco,38,1568318304.2344067
9,21137261,mobilecrafty,49,1568318304.2344117
10,21136971,SamanthawalshShop,39,1568318304.234417
