id,shop_id,shop_name,listing_count,e_time
1,21143715,INVIONPRINTABLE,46,1568339643.7151306
2,21143219,Scentsibly,50,1568339643.7151446
3,21142965,WoodenLifeStore,37,1568339643.7151525
4,21142331,AUPAPCORD,34,1568339643.7151582
5,21141491,NolaCaseUnitedStates,52,1568339643.7151644
6,21140651,BowutifulBowsDesign,28,1568339643.7151706
7,21139507,FREESIAInvitation,81,1568339643.7151768
8,21139433,MartiWeddings,30,1568339643.7151823
9,21139327,SimplyAwfulGifts,32,1568339643.7151885
10,21139109,HermesPatches,58,1568339643.7151947
