id,shop_id,shop_name,listing_count,e_time
1,21141027,AddamMac,4,1568309466.2886214
1,21140929,MocinShop,4,1568309466.2886293
1,21140661,ZoomOutApparelUS,4,1568309466.288633
