id,shop_id,shop_name,listing_count,e_time
1,21139507,FREESIAInvitation,81,1568318089.3471448
2,21139327,SimplyAwfulGifts,32,1568318089.347153
3,21139109,HermesPatches,50,1568318089.347157
4,21138983,FalabellaJewellery,143,1568318089.3471606
5,21138925,LOWOGEDI,39,1568318089.3471644
6,21138873,SidoMunculDesign,36,1568318089.3471677
7,21138615,DowelArtDesign,37,1568318089.3471713
8,21138341,ENERGYchoco,38,1568318089.3471746
9,21137261,mobilecrafty,49,1568318089.347178
10,21136971,SamanthawalshShop,39,1568318089.347181
