id,shop_id,shop_name,listing_count,e_time
1,21143715,INVIONPRINTABLE,46,1568345127.611786
2,21143219,Scentsibly,50,1568345127.6117957
3,21142965,WoodenLifeStore,37,1568345127.611802
4,21142331,AUPAPCORD,34,1568345127.6118073
5,21141491,NolaCaseUnitedStates,52,1568345127.6118126
6,21140651,BowutifulBowsDesign,28,1568345127.611818
7,21139507,FREESIAInvitation,81,1568345127.611823
8,21139433,MartiWeddings,30,1568345127.6118279
9,21139327,SimplyAwfulGifts,32,1568345127.6118333
10,21139109,HermesPatches,58,1568345127.611838
