id,shop_id,shop_name,listing_count,e_time
1,21143715,INVIONPRINTABLE,46,1568345039.6140578
2,21143219,Scentsibly,50,1568345039.6140702
3,21142965,WoodenLifeStore,37,1568345039.614079
4,21142331,AUPAPCORD,34,1568345039.6140876
5,21141491,NolaCaseUnitedStates,52,1568345039.6140966
6,21140651,BowutifulBowsDesign,28,1568345039.6141071
7,21139507,FREESIAInvitation,81,1568345039.6141171
8,21139433,MartiWeddings,30,1568345039.614126
9,21139327,SimplyAwfulGifts,32,1568345039.6141353
10,21139109,HermesPatches,58,1568345039.614145
