id,shop_id,shop_name,listing_count,e_time
1,21142121,ShopFor238783102,6,1568316830.3933694
2,21142059,PaulDesignStoreMooo,7,1568316830.3933797
3,21141991,GirlBoyCreations,24,1568316830.3933854
