id,shop_id,shop_name,listing_count,e_time
1,21139507,FREESIAInvitation,81,1568318170.2292185
2,21139327,SimplyAwfulGifts,32,1568318170.2292323
3,21139109,HermesPatches,50,1568318170.229239
4,21138983,FalabellaJewellery,143,1568318170.229245
5,21138925,LOWOGEDI,39,1568318170.2292507
6,21138873,SidoMunculDesign,36,1568318170.2292557
7,21138615,DowelArtDesign,37,1568318170.2292655
8,21138341,ENERGYchoco,38,1568318170.2292736
9,21137261,mobilecrafty,49,1568318170.2292833
10,21136971,SamanthawalshShop,39,1568318170.229292
