id,shop_id,shop_name,listing_count,e_time
1,21143715,INVIONPRINTABLE,46,1568344000.2438054
2,21143219,Scentsibly,50,1568344000.243815
3,21142965,WoodenLifeStore,37,1568344000.243821
4,21142331,AUPAPCORD,34,1568344000.2438262
5,21141491,NolaCaseUnitedStates,52,1568344000.2438314
6,21140651,BowutifulBowsDesign,28,1568344000.2438364
7,21139507,FREESIAInvitation,81,1568344000.243842
8,21139433,MartiWeddings,30,1568344000.243847
9,21139327,SimplyAwfulGifts,32,1568344000.2438517
10,21139109,HermesPatches,58,1568344000.2438571
