id,shop_id,shop_name,listing_count,e_time
1,21141447,MarinaGreetingCards,4,1568313742.9275444
2,21141097,FunShopping07,5,1568313742.9275498
3,21141027,AddamMac,7,1568313742.927553
