id,shop_id,shop_name,listing_count,e_time
1,21139507,FREESIAInvitation,81,1568316966.6919107
2,21139327,SimplyAwfulGifts,32,1568316966.691921
3,21139109,HermesPatches,48,1568316966.691927
4,21138983,FalabellaJewellery,143,1568316966.691932
5,21138925,LOWOGEDI,39,1568316966.6919367
6,21138873,SidoMunculDesign,36,1568316966.691941
7,21138615,DowelArtDesign,37,1568316966.6919456
8,21138341,ENERGYchoco,38,1568316966.69195
9,21137261,mobilecrafty,49,1568316966.6919544
10,21136971,SamanthawalshShop,39,1568316966.6919587
