id,shop_id,shop_name,listing_count,e_time
1,21143715,INVIONPRINTABLE,46,1568347161.9843946
2,21143219,Scentsibly,50,1568347161.9844007
3,21142965,WoodenLifeStore,37,1568347161.9844046
4,21142331,AUPAPCORD,34,1568347161.9844081
5,21141491,NolaCaseUnitedStates,52,1568347161.9844115
6,21140651,BowutifulBowsDesign,28,1568347161.984415
7,21139507,FREESIAInvitation,81,1568347161.9844184
8,21139433,MartiWeddings,30,1568347161.9844217
9,21139327,SimplyAwfulGifts,32,1568347161.9844253
10,21139109,HermesPatches,58,1568347161.9844286
