id,shop_id,shop_name,listing_count,e_time
1,21143715,INVIONPRINTABLE,46,1568343184.236543
2,21143219,Scentsibly,50,1568343184.2365506
3,21142965,WoodenLifeStore,37,1568343184.236556
4,21142331,AUPAPCORD,34,1568343184.2365603
5,21141491,NolaCaseUnitedStates,52,1568343184.2365642
6,21140651,BowutifulBowsDesign,28,1568343184.2365687
7,21139507,FREESIAInvitation,81,1568343184.236573
8,21139433,MartiWeddings,30,1568343184.2365766
9,21139327,SimplyAwfulGifts,32,1568343184.2365804
10,21139109,HermesPatches,58,1568343184.2365842
